[["Map",1,2,9,10],"meta::meta",["Map",3,4,5,6,7,8],"astro-version","5.12.9","astro-config-digest","{\"root\":{},\"srcDir\":{},\"publicDir\":{},\"outDir\":{},\"cacheDir\":{},\"compressHTML\":true,\"base\":\"/\",\"trailingSlash\":\"ignore\",\"output\":\"static\",\"scopedStyleStrategy\":\"attribute\",\"build\":{\"format\":\"directory\",\"client\":{},\"server\":{},\"assets\":\"_astro\",\"serverEntry\":\"entry.mjs\",\"redirects\":true,\"inlineStylesheets\":\"auto\",\"concurrency\":1},\"server\":{\"open\":false,\"host\":false,\"port\":4321,\"streaming\":true,\"allowedHosts\":[]},\"redirects\":{},\"image\":{\"endpoint\":{\"route\":\"/_image\"},\"service\":{\"entrypoint\":\"astro/assets/services/sharp\",\"config\":{}},\"domains\":[],\"remotePatterns\":[],\"responsiveStyles\":false},\"devToolbar\":{\"enabled\":false},\"markdown\":{\"syntaxHighlight\":{\"type\":\"shiki\",\"excludeLangs\":[\"math\"]},\"shikiConfig\":{\"langs\":[],\"langAlias\":{},\"theme\":\"github-dark\",\"themes\":{},\"wrap\":false,\"transformers\":[]},\"remarkPlugins\":[],\"rehypePlugins\":[],\"remarkRehype\":{},\"gfm\":true,\"smartypants\":true},\"security\":{\"checkOrigin\":true},\"env\":{\"schema\":{},\"validateSecrets\":false},\"experimental\":{\"clientPrerender\":false,\"contentIntellisense\":false,\"headingIdCompat\":false,\"preserveScriptOrder\":false,\"liveContentCollections\":false,\"csp\":false,\"rawEnvValues\":false},\"legacy\":{\"collections\":false}}","content-config-digest","be1f628ff2bc74e4","posts",["Map",11,12,53,54],"mandelbrot-set-basics",{"id":11,"data":13,"body":18,"filePath":19,"digest":20,"rendered":21,"legacyId":52},{"title":14,"description":15,"pubDate":16,"author":17},"Mandelbrot Set Basics","Introduction Fractal To Desktop renders the Mandelbrot Set onto your desktop. The Mandelbrot Set is defined by the equation Z^2+C. If you’ve seen the video on the homepage, this probably makes no sense. How can an equation this simple create shapes like the Mandelbrot Set? Complex Numbers Firstly, Z and C are not normal numbers, they’re complex numbers. Complex numbers follow the format a+bi where “a” is the real number ,”b” is the imaginary number, and “i” is the square root of negative 1. When showing the Mandelbrot Set, you’re seeing the complex plane where the x-axis contains the real number component and the y-axis contains the imaginary number component. What this means is that this function takes in two complex numbers and outputs a different complex number that can …",["Date","2025-08-13T00:00:00.000Z"],"Shirom Makkad","## Introduction\r\n\r\nFractal To Desktop renders the Mandelbrot Set onto your desktop. The Mandelbrot Set is defined by the equation Z^2+C. If you’ve seen the video on the homepage, this probably makes no sense. How can an equation this simple create shapes like the Mandelbrot Set?\r\n\r\n## Complex Numbers\r\n\r\nFirstly, Z and C are not normal numbers, they’re complex numbers. Complex numbers follow the format a+bi where “a” is the real number ,”b” is the imaginary number, and “i” is the square root of negative 1. When showing the Mandelbrot Set, you’re seeing the complex plane where the x-axis contains the real number component and the y-axis contains the imaginary number component. What this means is that this function takes in two complex numbers and outputs a different complex number that can be plotted in the complex plane.\r\n\r\n## How the Mandelbrot Set is calculated\r\n\r\n1: (0 + 0i)(0 + 0i) + (0.5+0.5) = (0.5 + 0.5i)\r\n\r\n2: (0.5 + 0.5i)(0.5 + 0.5i) + (0.5 + 0.5i) = (0.5 + 1i)\r\n\r\n3: (0.5 + 1i)(0.5 + 1i) + (0.5 + 0.5i) = (-0.25, 1.25i)\r\n\r\n4: (-0.25 + 1.25i) (-0.25 + 1.25i) + (0.5 + 0.5i) = (-1+ -0.125i)\r\n\r\n5: (-1+ -0.125i)(-1+ -0.125i) + (0.5 + 0.5i) = (1.48 + 0.75i)\r\n\r\nAnd so on…\r\n\r\nAlmost all the points that are inside the set fall towards the center (the rest go into repeating or nearly repeating patterns and stay less than 2):\r\n\r\n![Right Triangle](/images/screenshot-15.png)\r\n\r\nPoints that are on the outside of the set and far away from the center tend towards infinity:\r\n\r\n![Right Triangle](/images/screenshot-13-264x300.png)\r\n\r\nHowever, the interesting thing happens with points on the edge. They may either go towards infinity or towards the center. Here’s one that goes towards infinity:\r\n\r\n![Right Triangle](/images/screenshot-17-264x300.png)\r\n\r\nAnd here’s one right next to it that tends towards 0:\r\n\r\n![Right Triangle](/images/screenshot-18-268x300.png)\r\n\r\nThis is how we determine whether the point is within the Mandelbrot Set. If the point goes out to infinity, it’s outside of the set, and if the point stays near 0, it’s inside of the set. More specifically, if the point goes out beyond 2 (that’s where the purple circle is), it’s defined as gone to infinity, and if the point hits the maximum number of iterations and is less than 2, we just assume it won’t go to infinity and leave it as 0. In this case, the maximum number of iterations (remember that’s the number of times we put the point through Z^2+C) is 200.\r\n\r\nIf you’d like to see these “orbits” (paths that points take in the Mandelbrot Set as they’re calculated), take a look at [http://www.stefanbion.de/fraktal-generator/mandeliteration.html](http://www.stefanbion.de/fraktal-generator/mandeliteration.html) made by Stefan Bion. He’s on [fractalforums.org](https://fractalforums.org) along with a lot of other people who contribute to the Fractal community.\r\n\r\n## Maximum Iterations\r\n\r\nIf you look at the photos from above where the point tended towards 0, you’ll notice that the iteration was 200. This is where we cut off the iterations and said it’s probably going towards 0 at this point. That cutoff is called the maximum iteration. If we didn’t define a maximum iteration, we’d be calculating forever, but a maximum iteration of 200 isn’t enough deeper in the set. Take a look at this “Minibrot” (a miniature version of the Mandelbrot Set that can be found elsewhere inside the set).\r\n\r\n![Right Triangle](/images/screenshot-46-300x243.png)\r\n\r\nAs you can see, its edges aren’t well defined. Now look at it at 700 iterations. It looks much more like the normal Mandelbrot Set.\r\n\r\n![Right Triangle](/images/screenshot-47-300x294.png)\r\n\r\nAt 200 iterations, the number would oscillate for 200 iterations and the maximum iteration was hit, so we’d stop calculating. Some of those point which we cut short may have bailed at 667 iterations or 530, etc. When increasing the iteration count, we can see more detail. Eventually, the amount of detail we can see is too small to fit into a pixel, so we stop increasing the iteration (and save CPU power). When we zoom in, we see more details, requiring an increase the iteration count again.\r\n\r\nImages go much deeper than 200 or 700 iterations. This is a picture of Dinkydau’s Flake which I like to render at 40,000 iterations. This image is found at a depth of 2^522. For reference, Fractal To Desktop supports a depth of up to 2^1024: the equivalent of zooming from the size of the observable universe down to the size of a hydrogen atom 8.5 times.\r\n\r\nAnd this is the deepest image of a Minibrot I could find with a maximum iteration of 1100100100 and a depth of 10^10^6.\r\n\r\n![Right Triangle](/images/p830484-1e1e6-n1100100100-300x169.jpg)\r\n\r\n## A Quick Overview of Depth in the Mandelbrot Set\r\n\r\nEarlier I mentioned the concept of depth also known as magnification. Fractal To Desktop has a limit of 2^1024, Dinkydau’s Flake was at 2^522, etc. What does this magnification represent? Normally when looking at the full Mandelbrot Set, you’re seeing it from (-2 + 0i) to (2 + 0i). It has a view radius of 2. To view a point, you just translate this view area over the point. Zooming takes place by dividing the radius by some fixed number, usually 2. That’s why zooms are often represented by 2^x, because you’re zooming in multiples of 2. What this means is that with a magnification of 2^522, you’re actually taking the radius of 2 and dividing it by 2^522.\r\n\r\nYou may be wondering, why 2? There’s no real reason that it has to be this way; it just looks the nicest. Increasing this number increases the distance between frames that you render and lowering it decreases it. For Fractal To Desktop, you can see these frames in Documents/Fractal To Desktop/Frame Buffer. Unlike most programs, Fractal To Desktop will allow you to change this value. It’s called the Pixelation value. If the distance between frames is higher (the pixelation), Fractal To Desktop will still have to put the image on a 1920×1080 screen or whatever screen you have, but the minimum size of the image may be 1/3rd of that or even less. The default is 2, because it halves the size, which I’ve found to be a good tradeoff between performance and looks. Now that you know how it works, you’ll be better equipped to modify this value.\r\n\r\n## Automatic Maximum Iteration\r\n\r\nWe’ve already established that the optimal max iteration changes as you zoom. Too low, and you’re not getting all the detail you want. Too high, and you’re doing extra calculations. Unlike most other programs, Fractal To Desktop isn’t designed for user intervention of these values, so people can enjoy Fractals without having to know a lot of math. To accomplish this, Fractal To Desktop must automatically determine the maximum iteration. Disclaimer: this algorithm was shown to me by Claude Heiland-Allen on fractalforums.org and he got the algorithm from Robert Munafo on mrob.com/pub/muency.html.\r\n\r\nTo determine the optimal maximum iteration, Fractal To Desktop starts off at 250 iterations, and it doubles the iteration count. If very few pixels are found to be greater than 2 (pixels that escape to infinity), we assume that increasing the iteration count doesn’t increase the detail. It adds very little to the image. If a lot of pixels escape, we assume that we can keep increasing the iteration count until the rate of pixels escaping is small. There are sometimes issues with this, and I’ll be continually tuning this algorithm over time.\r\n\r\n## Resources\r\n\r\n[Fractalforums.org](https://fractalforums.org/) and [fractalforums.com](https://fractalforums.com/) are great resources to find like-minded people who enjoy Fractals\r\n\r\n[Xaos](https://sourceforge.net/projects/xaos/) is a great piece of software to view Fractals that’s easy to use and has a lot of features. Try pressing j and click on the Mandelbrot Set for one of my favorites.\r\n\r\n[Mathr.co.uk](https://mathr.co.uk) is also a very good resource. It’s run by a researcher named Claude Heiland-Allen. It has a ridiculous amount of code that’s really good, and it has tons of articles throughout the site that are very helpful. I even found drafts of a book he’s writing publicly available on his code repository on his site. The only problem is that there’s so much content, it’s hard to find what you’re looking for.\r\n\r\n[mrob.com/pub/muency](https://mrob.com/pub/muency.html) is another great site run by Robert Munafo. It has a lot of definitions defined in layman’s terms and algorithms described in ways that you can understand if you’re not a researcher. It’s very helpful. The site is very old, so newer discoveries aren’t on there.","src/content/posts/mandelbrot-set-basics.md","b0ddf7308363050a",{"html":22,"metadata":23},"\u003Ch2 id=\"introduction\">Introduction\u003C/h2>\n\u003Cp>Fractal To Desktop renders the Mandelbrot Set onto your desktop. The Mandelbrot Set is defined by the equation Z^2+C. If you’ve seen the video on the homepage, this probably makes no sense. How can an equation this simple create shapes like the Mandelbrot Set?\u003C/p>\n\u003Ch2 id=\"complex-numbers\">Complex Numbers\u003C/h2>\n\u003Cp>Firstly, Z and C are not normal numbers, they’re complex numbers. Complex numbers follow the format a+bi where “a” is the real number ,”b” is the imaginary number, and “i” is the square root of negative 1. When showing the Mandelbrot Set, you’re seeing the complex plane where the x-axis contains the real number component and the y-axis contains the imaginary number component. What this means is that this function takes in two complex numbers and outputs a different complex number that can be plotted in the complex plane.\u003C/p>\n\u003Ch2 id=\"how-the-mandelbrot-set-is-calculated\">How the Mandelbrot Set is calculated\u003C/h2>\n\u003Cp>1: (0 + 0i)(0 + 0i) + (0.5+0.5) = (0.5 + 0.5i)\u003C/p>\n\u003Cp>2: (0.5 + 0.5i)(0.5 + 0.5i) + (0.5 + 0.5i) = (0.5 + 1i)\u003C/p>\n\u003Cp>3: (0.5 + 1i)(0.5 + 1i) + (0.5 + 0.5i) = (-0.25, 1.25i)\u003C/p>\n\u003Cp>4: (-0.25 + 1.25i) (-0.25 + 1.25i) + (0.5 + 0.5i) = (-1+ -0.125i)\u003C/p>\n\u003Cp>5: (-1+ -0.125i)(-1+ -0.125i) + (0.5 + 0.5i) = (1.48 + 0.75i)\u003C/p>\n\u003Cp>And so on…\u003C/p>\n\u003Cp>Almost all the points that are inside the set fall towards the center (the rest go into repeating or nearly repeating patterns and stay less than 2):\u003C/p>\n\u003Cp>\u003Cimg src=\"/images/screenshot-15.png\" alt=\"Right Triangle\">\u003C/p>\n\u003Cp>Points that are on the outside of the set and far away from the center tend towards infinity:\u003C/p>\n\u003Cp>\u003Cimg src=\"/images/screenshot-13-264x300.png\" alt=\"Right Triangle\">\u003C/p>\n\u003Cp>However, the interesting thing happens with points on the edge. They may either go towards infinity or towards the center. Here’s one that goes towards infinity:\u003C/p>\n\u003Cp>\u003Cimg src=\"/images/screenshot-17-264x300.png\" alt=\"Right Triangle\">\u003C/p>\n\u003Cp>And here’s one right next to it that tends towards 0:\u003C/p>\n\u003Cp>\u003Cimg src=\"/images/screenshot-18-268x300.png\" alt=\"Right Triangle\">\u003C/p>\n\u003Cp>This is how we determine whether the point is within the Mandelbrot Set. If the point goes out to infinity, it’s outside of the set, and if the point stays near 0, it’s inside of the set. More specifically, if the point goes out beyond 2 (that’s where the purple circle is), it’s defined as gone to infinity, and if the point hits the maximum number of iterations and is less than 2, we just assume it won’t go to infinity and leave it as 0. In this case, the maximum number of iterations (remember that’s the number of times we put the point through Z^2+C) is 200.\u003C/p>\n\u003Cp>If you’d like to see these “orbits” (paths that points take in the Mandelbrot Set as they’re calculated), take a look at \u003Ca href=\"http://www.stefanbion.de/fraktal-generator/mandeliteration.html\">http://www.stefanbion.de/fraktal-generator/mandeliteration.html\u003C/a> made by Stefan Bion. He’s on \u003Ca href=\"https://fractalforums.org\">fractalforums.org\u003C/a> along with a lot of other people who contribute to the Fractal community.\u003C/p>\n\u003Ch2 id=\"maximum-iterations\">Maximum Iterations\u003C/h2>\n\u003Cp>If you look at the photos from above where the point tended towards 0, you’ll notice that the iteration was 200. This is where we cut off the iterations and said it’s probably going towards 0 at this point. That cutoff is called the maximum iteration. If we didn’t define a maximum iteration, we’d be calculating forever, but a maximum iteration of 200 isn’t enough deeper in the set. Take a look at this “Minibrot” (a miniature version of the Mandelbrot Set that can be found elsewhere inside the set).\u003C/p>\n\u003Cp>\u003Cimg src=\"/images/screenshot-46-300x243.png\" alt=\"Right Triangle\">\u003C/p>\n\u003Cp>As you can see, its edges aren’t well defined. Now look at it at 700 iterations. It looks much more like the normal Mandelbrot Set.\u003C/p>\n\u003Cp>\u003Cimg src=\"/images/screenshot-47-300x294.png\" alt=\"Right Triangle\">\u003C/p>\n\u003Cp>At 200 iterations, the number would oscillate for 200 iterations and the maximum iteration was hit, so we’d stop calculating. Some of those point which we cut short may have bailed at 667 iterations or 530, etc. When increasing the iteration count, we can see more detail. Eventually, the amount of detail we can see is too small to fit into a pixel, so we stop increasing the iteration (and save CPU power). When we zoom in, we see more details, requiring an increase the iteration count again.\u003C/p>\n\u003Cp>Images go much deeper than 200 or 700 iterations. This is a picture of Dinkydau’s Flake which I like to render at 40,000 iterations. This image is found at a depth of 2^522. For reference, Fractal To Desktop supports a depth of up to 2^1024: the equivalent of zooming from the size of the observable universe down to the size of a hydrogen atom 8.5 times.\u003C/p>\n\u003Cp>And this is the deepest image of a Minibrot I could find with a maximum iteration of 1100100100 and a depth of 10^10^6.\u003C/p>\n\u003Cp>\u003Cimg src=\"/images/p830484-1e1e6-n1100100100-300x169.jpg\" alt=\"Right Triangle\">\u003C/p>\n\u003Ch2 id=\"a-quick-overview-of-depth-in-the-mandelbrot-set\">A Quick Overview of Depth in the Mandelbrot Set\u003C/h2>\n\u003Cp>Earlier I mentioned the concept of depth also known as magnification. Fractal To Desktop has a limit of 2^1024, Dinkydau’s Flake was at 2^522, etc. What does this magnification represent? Normally when looking at the full Mandelbrot Set, you’re seeing it from (-2 + 0i) to (2 + 0i). It has a view radius of 2. To view a point, you just translate this view area over the point. Zooming takes place by dividing the radius by some fixed number, usually 2. That’s why zooms are often represented by 2^x, because you’re zooming in multiples of 2. What this means is that with a magnification of 2^522, you’re actually taking the radius of 2 and dividing it by 2^522.\u003C/p>\n\u003Cp>You may be wondering, why 2? There’s no real reason that it has to be this way; it just looks the nicest. Increasing this number increases the distance between frames that you render and lowering it decreases it. For Fractal To Desktop, you can see these frames in Documents/Fractal To Desktop/Frame Buffer. Unlike most programs, Fractal To Desktop will allow you to change this value. It’s called the Pixelation value. If the distance between frames is higher (the pixelation), Fractal To Desktop will still have to put the image on a 1920×1080 screen or whatever screen you have, but the minimum size of the image may be 1/3rd of that or even less. The default is 2, because it halves the size, which I’ve found to be a good tradeoff between performance and looks. Now that you know how it works, you’ll be better equipped to modify this value.\u003C/p>\n\u003Ch2 id=\"automatic-maximum-iteration\">Automatic Maximum Iteration\u003C/h2>\n\u003Cp>We’ve already established that the optimal max iteration changes as you zoom. Too low, and you’re not getting all the detail you want. Too high, and you’re doing extra calculations. Unlike most other programs, Fractal To Desktop isn’t designed for user intervention of these values, so people can enjoy Fractals without having to know a lot of math. To accomplish this, Fractal To Desktop must automatically determine the maximum iteration. Disclaimer: this algorithm was shown to me by Claude Heiland-Allen on fractalforums.org and he got the algorithm from Robert Munafo on mrob.com/pub/muency.html.\u003C/p>\n\u003Cp>To determine the optimal maximum iteration, Fractal To Desktop starts off at 250 iterations, and it doubles the iteration count. If very few pixels are found to be greater than 2 (pixels that escape to infinity), we assume that increasing the iteration count doesn’t increase the detail. It adds very little to the image. If a lot of pixels escape, we assume that we can keep increasing the iteration count until the rate of pixels escaping is small. There are sometimes issues with this, and I’ll be continually tuning this algorithm over time.\u003C/p>\n\u003Ch2 id=\"resources\">Resources\u003C/h2>\n\u003Cp>\u003Ca href=\"https://fractalforums.org/\">Fractalforums.org\u003C/a> and \u003Ca href=\"https://fractalforums.com/\">fractalforums.com\u003C/a> are great resources to find like-minded people who enjoy Fractals\u003C/p>\n\u003Cp>\u003Ca href=\"https://sourceforge.net/projects/xaos/\">Xaos\u003C/a> is a great piece of software to view Fractals that’s easy to use and has a lot of features. Try pressing j and click on the Mandelbrot Set for one of my favorites.\u003C/p>\n\u003Cp>\u003Ca href=\"https://mathr.co.uk\">Mathr.co.uk\u003C/a> is also a very good resource. It’s run by a researcher named Claude Heiland-Allen. It has a ridiculous amount of code that’s really good, and it has tons of articles throughout the site that are very helpful. I even found drafts of a book he’s writing publicly available on his code repository on his site. The only problem is that there’s so much content, it’s hard to find what you’re looking for.\u003C/p>\n\u003Cp>\u003Ca href=\"https://mrob.com/pub/muency.html\">mrob.com/pub/muency\u003C/a> is another great site run by Robert Munafo. It has a lot of definitions defined in layman’s terms and algorithms described in ways that you can understand if you’re not a researcher. It’s very helpful. The site is very old, so newer discoveries aren’t on there.\u003C/p>",{"headings":24,"localImagePaths":47,"remoteImagePaths":48,"frontmatter":49,"imagePaths":51},[25,29,32,35,38,41,44],{"depth":26,"slug":27,"text":28},2,"introduction","Introduction",{"depth":26,"slug":30,"text":31},"complex-numbers","Complex Numbers",{"depth":26,"slug":33,"text":34},"how-the-mandelbrot-set-is-calculated","How the Mandelbrot Set is calculated",{"depth":26,"slug":36,"text":37},"maximum-iterations","Maximum Iterations",{"depth":26,"slug":39,"text":40},"a-quick-overview-of-depth-in-the-mandelbrot-set","A Quick Overview of Depth in the Mandelbrot Set",{"depth":26,"slug":42,"text":43},"automatic-maximum-iteration","Automatic Maximum Iteration",{"depth":26,"slug":45,"text":46},"resources","Resources",[],[],{"title":14,"pubDate":50,"author":17,"description":15},"2025-08-13",[],"mandelbrot-set-basics.md","perturbation-theory",{"id":53,"data":55,"body":59,"filePath":60,"digest":61,"rendered":62,"legacyId":77},{"title":56,"description":57,"pubDate":58,"author":17},"Perturbation Theory","Remember the program that I recommended in the last article called Xaos? If you downloaded that and zoomed in, you’ll notice that the screen gets very blurry. Here’s a picture of what I’m talking about: This problem has to do with the resolution of numbers inside a computer. Computers are either 32-bit or 64-bit and that corresponds to the size of the number the computer can use. The number of bits refer to the number of digits in base 2; a 64-bit number has ~15 digits in base 10 and 64 digits in base 2. As you zoom into the Mandelbrot Set, you need more precise numbers to show details. With a limit of 15 digits, you can’t show those details which causes the blurriness. We need to be able …",["Date","2025-08-14T00:00:00.000Z"],"Remember the program that I recommended in the last article called Xaos? If you downloaded that and zoomed in, you’ll notice that the screen gets very blurry. Here’s a picture of what I’m talking about:\r\n\r\n![Right Triangle](/images/jhygr.png)\r\n\r\nThis problem has to do with the resolution of numbers inside a computer. Computers are either 32-bit or 64-bit and that corresponds to the size of the number the computer can use. The number of bits refer to the number of digits in base 2; a 64-bit number has ~15 digits in base 10 and 64 digits in base 2. As you zoom into the Mandelbrot Set, you need more precise numbers to show details. With a limit of 15 digits, you can’t show those details which causes the blurriness. We need to be able to set the precision of number that our computer uses.\r\n\r\n## Arbitrary Precision\r\n\r\nArbitrary precision libraries like GNU MP allows the program to specify the precision they want, and the program will compute it. Problem solved! Right?? The problem with arbitrary precision is that it doesn’t circumvent the problem that computers come from the factory using 64-bit computation. If you want to do 65-bit computation, you have to create multiple 64-bit numbers to make sure you’re computing with exactly 65 bits. This adds a huge amount of overhead that isn’t normally there. This makes arbitrary computing hundreds of times slower even with the same or less complexity. Here’s a Codereview post, which I wrote before understanding this principle, that compares the speed between arbitrary vs non-arbitrary computing.\r\n\r\nWe’ve established that Arbitrary precision is incredibly slow. We want to minimize the amount of arbitrary precision that we used. To do so, we use Perturbation Theory.\r\n\r\n## Perturbation Theory Basics\r\n\r\nPerturbation theory hinges on the principle that the difference between two large numbers can be represented by small numbers. For example (Example from `[http://mathr.co.uk/mandelbrot/perturbation.pdf](http://mathr.co.uk/mandelbrot/perturbation.pdf)` by Claude Heiland-Allen)\r\n\r\nA = 123456798\r\n\r\nB = 123456789\r\n\r\nA − B = 9\r\n\r\n64-bit computers may not be able to represent a number like 0.5437675423346574923657423954379657423 but it can represent 0.00000000000000000023 as 2.3\\*10^-19. Remember when zooming that all your numbers are very close to each other. If you’re at a depth of 2^500, your numbers are in a range of roughly 2^500. Your smallest number could be 1.76549236547962359462379564792 and your largest could be 1.76549236547962359462379565569. There’s only a 3-digit difference. What if we could store the first digits that are the same in all the numbers in one arbitrary precision number. That’s what perturbation theory does.\r\n\r\nIf we say that the normal Mandelbrot set formula is Xn+1 = X^2n + X0 where n is the iteration number, the perturbation theory formula is ∆n+1 = 2Xn∆n + ∆^2n + ∆0 for the portion that can be represented by 64-bit computers and to calculate the full number you use ∆n = Yn − Xn where Yn is the final number and Xn is the arbitrary precision number that we’re using as a reference point at iteration n. The full formula and derivation can be found here: http://superfractalthing.co.nf/sft_maths.pdf.","src/content/posts/perturbation-theory.md","80fa546ad478f7f8",{"html":63,"metadata":64},"\u003Cp>Remember the program that I recommended in the last article called Xaos? If you downloaded that and zoomed in, you’ll notice that the screen gets very blurry. Here’s a picture of what I’m talking about:\u003C/p>\n\u003Cp>\u003Cimg src=\"/images/jhygr.png\" alt=\"Right Triangle\">\u003C/p>\n\u003Cp>This problem has to do with the resolution of numbers inside a computer. Computers are either 32-bit or 64-bit and that corresponds to the size of the number the computer can use. The number of bits refer to the number of digits in base 2; a 64-bit number has ~15 digits in base 10 and 64 digits in base 2. As you zoom into the Mandelbrot Set, you need more precise numbers to show details. With a limit of 15 digits, you can’t show those details which causes the blurriness. We need to be able to set the precision of number that our computer uses.\u003C/p>\n\u003Ch2 id=\"arbitrary-precision\">Arbitrary Precision\u003C/h2>\n\u003Cp>Arbitrary precision libraries like GNU MP allows the program to specify the precision they want, and the program will compute it. Problem solved! Right?? The problem with arbitrary precision is that it doesn’t circumvent the problem that computers come from the factory using 64-bit computation. If you want to do 65-bit computation, you have to create multiple 64-bit numbers to make sure you’re computing with exactly 65 bits. This adds a huge amount of overhead that isn’t normally there. This makes arbitrary computing hundreds of times slower even with the same or less complexity. Here’s a Codereview post, which I wrote before understanding this principle, that compares the speed between arbitrary vs non-arbitrary computing.\u003C/p>\n\u003Cp>We’ve established that Arbitrary precision is incredibly slow. We want to minimize the amount of arbitrary precision that we used. To do so, we use Perturbation Theory.\u003C/p>\n\u003Ch2 id=\"perturbation-theory-basics\">Perturbation Theory Basics\u003C/h2>\n\u003Cp>Perturbation theory hinges on the principle that the difference between two large numbers can be represented by small numbers. For example (Example from \u003Ccode>[http://mathr.co.uk/mandelbrot/perturbation.pdf](http://mathr.co.uk/mandelbrot/perturbation.pdf)\u003C/code> by Claude Heiland-Allen)\u003C/p>\n\u003Cp>A = 123456798\u003C/p>\n\u003Cp>B = 123456789\u003C/p>\n\u003Cp>A − B = 9\u003C/p>\n\u003Cp>64-bit computers may not be able to represent a number like 0.5437675423346574923657423954379657423 but it can represent 0.00000000000000000023 as 2.3*10^-19. Remember when zooming that all your numbers are very close to each other. If you’re at a depth of 2^500, your numbers are in a range of roughly 2^500. Your smallest number could be 1.76549236547962359462379564792 and your largest could be 1.76549236547962359462379565569. There’s only a 3-digit difference. What if we could store the first digits that are the same in all the numbers in one arbitrary precision number. That’s what perturbation theory does.\u003C/p>\n\u003Cp>If we say that the normal Mandelbrot set formula is Xn+1 = X^2n + X0 where n is the iteration number, the perturbation theory formula is ∆n+1 = 2Xn∆n + ∆^2n + ∆0 for the portion that can be represented by 64-bit computers and to calculate the full number you use ∆n = Yn − Xn where Yn is the final number and Xn is the arbitrary precision number that we’re using as a reference point at iteration n. The full formula and derivation can be found here: \u003Ca href=\"http://superfractalthing.co.nf/sft_maths.pdf\">http://superfractalthing.co.nf/sft_maths.pdf\u003C/a>.\u003C/p>",{"headings":65,"localImagePaths":72,"remoteImagePaths":73,"frontmatter":74,"imagePaths":76},[66,69],{"depth":26,"slug":67,"text":68},"arbitrary-precision","Arbitrary Precision",{"depth":26,"slug":70,"text":71},"perturbation-theory-basics","Perturbation Theory Basics",[],[],{"title":56,"pubDate":75,"author":17,"description":57},"2025-08-14",[],"perturbation-theory.md"]